{
	"class_name" : "PinholeCameraParameters",
	"extrinsic" :
	[
		0.99865703033225406,
		0.029319300772754669,
		-0.042714334481065541,
		0.0,
		-0.012223308142826952,
		0.9345266174874659,
		0.35568327476208533,
		0.0,
		0.050346067433406326,
		-0.35468349244027736,
		0.93362995543435667,
		0.0,
		2.0497757989078211,
		11.562634674623773,
		20.133446991535994,
		1.0
	],
	"intrinsic" :
	{
		"height" : 512,
		"intrinsic_matrix" :
		[
			443.40500673763262,
			0.0,
			0.0,
			0.0,
			443.40500673763262,
			0.0,
			255.5,
			255.5,
			1.0
		],
		"width" : 512
	},
	"version_major" : 1,
	"version_minor" : 0
}