{
	"class_name" : "PinholeCameraParameters",
	"extrinsic" :
	[
		0.99339827107816736,
		0.11387625256698353,
		-0.013859080785130578,
		0.0,
		-0.10484532659944087,
		0.95029599129930264,
		0.29316375357593666,
		0.0,
		0.046554618558901056,
		-0.28977530609383628,
		0.95596178766154605,
		0.0,
		0.26657684139330395,
		5.3135707290287906,
		3.9699412412462287,
		1.0
	],
	"intrinsic" :
	{
		"height" : 512,
		"intrinsic_matrix" :
		[
			256.00000000000006,
			0.0,
			0.0,
			0.0,
			256.00000000000006,
			0.0,
			255.5,
			255.5,
			1.0
		],
		"width" : 512
	},
	"version_major" : 1,
	"version_minor" : 0
}